model,icc,clubs_qualifying
Defenders,9.894186527420488e-05,95
Midfielders,6.935449163846052e-05,95
Forwards,0.18711893989761663,96
Goalkeepers,0.2026375218518028,58
