model,levene_W,levene_pvalue
Defenders,10.764246392293227,1.2124803866022102e-08
Midfielders,10.958246008224576,8.031175598416231e-09
Forwards,6.733764296037184,2.420197159561304e-05
Goalkeepers,2.438051694741934,0.046166544751726615
