model,coef_NPGls_p90_sq,se,t,pvalue
Midfielders,-1.4457959965491258,0.6905410379524813,-2.0937148077919394,0.03637296330179633
Forwards,0.4956453921315518,0.44093847851028145,1.1240692665473393,0.2612826982858009
