model,n_panel,ar1_overall,ar1_frozen,ar1_changed
Defenders,1003,0.5691967931375105,0.879363546909805,0.35878944007293634
Midfielders,1233,0.5590018566214311,0.8487642614325261,0.42380381167114395
Forwards,323,0.6827760180136504,0.8251914763321974,0.5965545500061279
Goalkeepers,235,0.6289759115860963,0.8505882887882913,0.42216815952262643
