model,n_clubs,corr_bill_vs_eff
Defenders,119,0.10240051782009361
Midfielders,119,0.20154763123814062
Forwards,118,0.2899044764580094
Goalkeepers,119,0.22700767338536235
