position_group,metric,within_std,between_std,within_to_between
Defenders,TklW_p90,0.4607488532237976,0.14512246229456008,3.174896883217153
Defenders,Int_p90,0.41388746389083564,0.17391206314057167,2.379866332540106
Defenders,Fls_p90,0.4458241379349871,0.1538813501523989,2.8971940881299645
Defenders,Fld_p90,0.4774065172103085,0.1450600003314208,3.291096898659662
Defenders,NPGls_p90,0.056741535876812896,0.017116433937068846,3.3150325637590004
