coef_eff_lag,coef_frozen,coef_interaction,se_interaction,t_interaction,p_interaction,persistence_wage_adjusts,persistence_wage_frozen,r2_adj,n
0.32808453614831273,-0.23221060436338825,0.5541132254210658,0.0319835268263221,17.32495695143403,1.5641361773090807e-64,0.32808453614831273,0.8821977615693786,0.5197249723261668,3439
