split,position_group,n_train,n_test,rmse_oos,r2_oos
train_22_23_23_24__test_24_25,Defenders,1506,744,1.0415068109650283,0.1298112957104366
train_22_23_23_24__test_24_25,Midfielders,1990,1002,1.031272879516722,0.17605486453416663
train_22_23_23_24__test_24_25,Forwards,647,275,0.8214396755625367,0.5133642226255326
train_22_23_23_24__test_24_25,Goalkeepers,349,177,0.7697465314537884,0.5170145348300843
train_23_24_24_25__test_22_23,Defenders,1498,752,1.1483151340051616,0.1645957812878731
train_23_24_24_25__test_22_23,Midfielders,1993,999,1.1691099141960137,0.20722520219347718
train_23_24_24_25__test_22_23,Forwards,586,336,0.9263208340001582,0.5559337527040004
train_23_24_24_25__test_22_23,Goalkeepers,353,173,0.8943140947472391,0.531970796773914
