position_group,corr_nplayers_mean_eff,p_mean_eff,corr_nplayers_overpaid_rate,p_overpaid_rate,n_groups
Defenders,-0.09645985252753456,0.7323690084925251,-0.10766923075088959,0.7025073740614445,15
Forwards,0.06714902238161936,0.812057613636879,0.1135939606244385,0.6868825608459711,15
Goalkeepers,-0.13363105549917192,0.6349364448278317,-0.1463922798476553,0.6026408316295159,15
Midfielders,-0.48147995567179974,0.06918712187026282,-0.4611957345743012,0.08356815798498234,15
