model,pct_frozen_wage
Defenders,47.05882352941176
Midfielders,47.688564476885645
Forwards,42.414860681114554
Goalkeepers,46.808510638297875
